group,pair,sym_a,sym_b,peak_lag,peak_abs_corr,lag0_abs_corr,flag,k_-5_d2,k_-5_d3,k_-5_d4,k_-4_d2,k_-4_d3,k_-4_d4,k_-3_d2,k_-3_d3,k_-3_d4,k_-2_d2,k_-2_d3,k_-2_d4,k_-1_d2,k_-1_d3,k_-1_d4,k_0_d2,k_0_d3,k_0_d4,k_1_d2,k_1_d3,k_1_d4,k_2_d2,k_2_d3,k_2_d4,k_3_d2,k_3_d3,k_3_d4,k_4_d2,k_4_d3,k_4_d4,k_5_d2,k_5_d3,k_5_d4
GALAXY_SOUNDS,DARK_MATTER <-> BLACK_HOLES,GALAXY_SOUNDS_DARK_MATTER,GALAXY_SOUNDS_BLACK_HOLES,5,0.02035598853534779,0.010337576712638706,noise,0.0007900984489030541,0.007659720862596438,-0.005050576568113257,0.006827570835681406,-0.0061849687164081965,-0.006387726266722507,-6.178056180061142e-05,-0.0021938570843052004,0.009421841149042836,-0.0073785802452611,0.0015190181662136778,0.006110956610162639,-0.012027772216449588,-0.011033200155385411,-0.0030358999622894347,0.0018300694100460077,0.01382959088981996,-0.015353069838050149,-0.0012252225342787152,-0.015071253276499646,0.0026399193952693785,-0.013221462236805814,0.009974080838037655,-0.0003278075016190514,-0.001147775507355378,0.0005616504028595898,0.009883357135633788,0.0033209698379337155,0.017505122696205234,-0.011021690690599792,0.019443442659963468,-0.02559743459143779,-0.016027088354642116
GALAXY_SOUNDS,DARK_MATTER <-> PLANETARY_RINGS,GALAXY_SOUNDS_DARK_MATTER,GALAXY_SOUNDS_PLANETARY_RINGS,-3,0.012165060578938292,0.008623366648529729,noise,-0.006458591423495669,0.01315325302258457,-0.00637173694868388,0.009456690096749855,0.004877716894424839,0.01336580670963992,-0.009339989100503593,0.009848925896358437,0.017306266739952846,-0.0032665411954699167,-0.012001172730438249,-0.007126004569731364,0.017117399187485477,-0.005261261324221622,-0.011510585249029108,0.007461643320035263,-0.001892358090238008,0.016516098535315913,-0.008420108028265467,-0.004568291743856827,0.0037107341679378514,-0.001009196327854692,0.010970535149811519,-0.0020691080405090944,-0.0011320144151815204,-0.00836160650908903,0.0005340509553310738,0.01276610829938494,-0.0027043427703042607,0.005895736492234602,0.004298468889083414,1.750645049935002e-05,-0.009484827552683369
GALAXY_SOUNDS,DARK_MATTER <-> SOLAR_WINDS,GALAXY_SOUNDS_DARK_MATTER,GALAXY_SOUNDS_SOLAR_WINDS,1,0.018111092426604008,0.006536185783185378,noise,0.005807623302724403,-0.0030772922168176863,-0.014376075896954839,-0.004298410699571824,0.02144721580494933,-0.0027129655287397693,0.0009308083813715171,-0.012805306672524202,0.003256892880853391,0.010051885036891667,0.018897440746798614,0.006218759285927436,-0.0024537483200376925,-0.003199700869378927,0.022594370583457497,-1.6400224113266437e-05,-0.01173430111869771,0.007857856006745155,-0.011023910021432576,-0.04116440812086227,0.0021449591375171805,-0.004022967470249045,0.003836716157706015,0.00027197656074153724,-0.0037339967252407224,0.007726143155482073,-0.019382973196510014,0.000837628146341741,-0.016945758509935745,0.0049345638504937435,-0.0056402932801682005,-0.006390879953644087,-0.010341180928095555
GALAXY_SOUNDS,DARK_MATTER <-> SOLAR_FLAMES,GALAXY_SOUNDS_DARK_MATTER,GALAXY_SOUNDS_SOLAR_FLAMES,5,0.014149697054697272,0.0044729838772484265,noise,0.0003956230181607243,0.0021468133749803163,0.013092293933074423,0.01125038005919371,-0.004174215627223853,0.012107237180614851,0.0014383468501351524,-0.004089490578522511,0.009891375377918572,0.015191024445732658,0.0006446164511623766,0.0003166971740045436,-0.007805274196648918,-0.006261476443608885,0.013429134235613547,0.0003394627846918679,0.007769969074689546,0.005309519772363865,-0.007665081452807617,-0.005335841424649233,-0.009418712062004418,-0.005734388887313797,0.002729033522185818,-0.0207398840066925,0.00015095201764100128,-0.007704839622914612,-0.008737957732206952,0.001795888819991787,0.0013120724514521394,-0.005812154559790117,0.018597547367899196,0.007789806394427226,-0.0160617374017654
GALAXY_SOUNDS,BLACK_HOLES <-> PLANETARY_RINGS,GALAXY_SOUNDS_BLACK_HOLES,GALAXY_SOUNDS_PLANETARY_RINGS,5,0.01063022261939483,0.004410938511195267,noise,0.007090554265919297,-0.0026761852306113284,0.012515066085882652,-0.005621414898005788,-0.005390445863240577,-0.0051884929941809705,-0.0020839050331404223,-0.013679984850846556,-0.01112580252475951,-0.001662395254671654,-0.003376939245219622,0.011080396738525901,-0.004296491556410675,-3.087009513761867e-05,0.00619570921474552,-0.004824006989195549,0.003315719575996707,0.005093088968393546,-0.002612240786016029,0.008046928945529077,-0.007835061119807725,0.006468083326635961,-0.0044504123284590325,0.0034500643448002045,0.003786769810146466,0.0068871030182589485,0.009282790137331878,-0.00533244832407938,0.006549817803719333,0.00770293476145268,0.0019600192146386336,-0.019021634633238062,0.010909014010307798
GALAXY_SOUNDS,BLACK_HOLES <-> SOLAR_WINDS,GALAXY_SOUNDS_BLACK_HOLES,GALAXY_SOUNDS_SOLAR_WINDS,-2,0.012196134365408298,0.008987612010990057,noise,0.004337189089283297,-0.0002925079882562194,0.0034863799301384332,-0.010913307342293527,-0.0018772565554849162,-0.01199563106780568,-0.004316803227907867,-0.010571290799698943,-0.004377912368971587,-0.01874924909433623,-0.00901972662019957,-0.008819427381689096,-0.007354913308729797,-0.011447362079349814,-0.00977533224333653,0.000537471722306668,0.002519454125977415,0.02390591018468609,-0.006723908258481554,0.004674874708165904,-0.010710364721687906,0.0074446424967309285,-0.020386065762732237,-0.0006028710077807972,-0.010114118101166419,-0.02067200812556797,0.0036762767389995218,0.002770313501418314,-0.002823655364347459,-0.0027304634091625834,-0.008620902675427516,-0.003433570630204715,0.00346649435873632
GALAXY_SOUNDS,BLACK_HOLES <-> SOLAR_FLAMES,GALAXY_SOUNDS_BLACK_HOLES,GALAXY_SOUNDS_SOLAR_FLAMES,-4,0.014508713088142925,0.0039689760889015345,noise,-0.008533150846998223,0.014012755498182755,0.007757428648528181,0.018062163195341385,0.022181035326734277,0.0032829407423531154,-0.010939309584637062,-0.007089699442176756,-0.005394172288757551,0.010021947000449808,-0.01659108716980447,-0.014151897977901754,0.0008915750648437944,-0.014862203250096198,-0.0017273555038509274,0.0033927187155456096,-0.0030879805451716016,0.005426229005987393,-0.0024799829624777593,0.0011350922518616332,0.0013070262716934477,-0.003247173454619589,-0.003140050973048606,0.020768675460315418,-0.006386040344502656,-0.004704508610299508,-0.003792039198541788,-0.0006504045240981251,-0.010569710961842848,0.012116069226259164,0.0035267334879981516,0.016950970359950475,0.002547732851260926
GALAXY_SOUNDS,PLANETARY_RINGS <-> SOLAR_WINDS,GALAXY_SOUNDS_PLANETARY_RINGS,GALAXY_SOUNDS_SOLAR_WINDS,1,0.013365217817720347,0.0050325140874801005,noise,-0.008105075115266841,-0.001185131845253267,-0.004154752347305886,0.006389196169997927,0.0006544471206170415,-0.007787655820537534,-0.005238117485719416,0.0017619886648819316,-0.007152370444614332,0.00040287167541637074,-0.0026606617394639666,-0.0009969063009716912,-3.95859711166827e-05,-0.014985612920411926,0.0003443107752435527,-0.003598210687406819,0.007857747607858685,-0.0036415839671747967,-0.018251423233559633,0.010868019263217964,-0.010976210956383441,0.008100598882018435,0.011009541473140426,0.012114719122724557,-0.004387249559833117,-0.005346348272456287,0.005737727515136642,0.009277950270014938,0.0034647906142496643,-0.006540053756040183,0.016603794027649315,-0.0007055876214461158,-0.005093143817055262
GALAXY_SOUNDS,PLANETARY_RINGS <-> SOLAR_FLAMES,GALAXY_SOUNDS_PLANETARY_RINGS,GALAXY_SOUNDS_SOLAR_FLAMES,2,0.01737674958611326,0.013005629949185636,noise,0.0029861473521423892,-0.006230199159398514,0.00632005969081362,-0.003326849052973385,0.0030937388345332224,-0.010374474875633961,0.0029533124022246824,0.007195096597175305,-0.007289319963585517,0.0017879665429713617,-0.009407113335386082,4.0060592086999505e-05,-0.017507702179065245,-0.0025391147902977893,0.017675008416425955,0.012025593783592537,0.026758153035027227,0.0002331430289371395,0.007383614648424279,0.0028555760602633987,0.00017016250730559292,-0.016078199832950234,-0.0242619654541323,-0.011790083471257243,-0.015747535312218227,-0.007853674225578092,-0.003785679481332228,0.007758954871603236,-0.00821392064070177,-0.018685235639546084,0.01256218016399789,0.004736279288014291,0.010898640252396107
GALAXY_SOUNDS,SOLAR_WINDS <-> SOLAR_FLAMES,GALAXY_SOUNDS_SOLAR_WINDS,GALAXY_SOUNDS_SOLAR_FLAMES,4,0.015461460055246559,0.006490193170284086,noise,0.005503094622388792,-0.0002541345649078123,-0.002186493810476977,0.0053534172636789225,-0.008773864516507402,-0.005941388159783256,-0.011875276719114739,-0.012116526256850996,0.015296972599649449,0.012120171948288988,-0.024019839489272245,-0.0015069580667438516,0.0004028659930328941,0.004175286139418344,0.01628254593645192,-0.0035807264691626152,0.003225908246730836,0.012663944794958809,-0.023822860034574875,0.0008330885770691142,0.0022791870436261697,0.009402102666390173,0.0031438075329663817,0.003107697362876686,0.0013756249856089278,0.004539892023526737,-0.006625343942219923,-0.006171734320109021,-0.025127249707089395,-0.01508539613854126,0.005658127684321446,-0.011551434554473813,-0.014084256905446207
SLEEP_POD,SUEDE <-> LAMB_WOOL,SLEEP_POD_SUEDE,SLEEP_POD_LAMB_WOOL,0,0.012149012793784816,0.012149012793784816,lag-0 mirror,0.001791401578333732,0.012152547228104956,-0.00021585386770175822,0.006507870960018826,0.0018720698127888894,-0.016923199884480093,-0.007164954448507554,-0.01551836247021768,-0.0055272691748671126,-0.009390903526554577,0.004677052701256392,-0.008861723421857233,0.011387466072023966,-0.003151179763228993,0.004747506580347134,-0.00858637424147395,0.010759139789538408,0.017101524350342096,0.006694980337774078,0.007196292217422329,0.00966113341652374,-0.002675573474833515,0.006537034016683986,0.017081197281768067,-0.0018333118938197088,-0.009111940061280235,-0.007477244632116109,-0.009365376375051861,0.007224318568340168,0.00604679579188533,-0.0017994669763464251,0.008344102459179483,-0.003325836061069858
SLEEP_POD,SUEDE <-> POLYESTER,SLEEP_POD_SUEDE,SLEEP_POD_POLYESTER,0,0.012685525760837361,0.012685525760837361,lag-0 mirror,0.016078317224930853,0.00268400928230571,0.00392409488824367,-0.004351230364002991,0.008555185235695172,0.013396281912996123,-0.008422813925385067,0.006319683309114438,0.01894950561454322,-0.008813248376911444,0.006272436262701187,0.005052524138224508,-0.0010913285116354906,-0.0035217052171804563,-0.011566655730903416,0.026741054919126688,-0.001016084366059543,-0.010299437997325854,-0.002192746312257375,0.006574882708954594,0.0039599736135294515,-0.007599444627026108,-0.000927232085051498,0.00013215987887323414,0.015971049118735287,0.0009781577701123288,-0.0033830403818603714,-0.016562024308748445,0.0025118451905707926,-0.008185098554661433,0.00813625992620004,-0.010761623447309255,-0.0031982781778360217
SLEEP_POD,SUEDE <-> NYLON,SLEEP_POD_SUEDE,SLEEP_POD_NYLON,-5,0.01300831553887285,0.006970640900367461,noise,0.01973169627061336,-0.0037239796479371207,-0.01556927069806807,-0.0029169070387983285,0.0059009517904673806,-0.012316684701801698,-3.9968386341228094e-05,-0.006262484166570915,-0.002270995404484076,0.013766273905995077,-0.006669739850289233,-0.003436573112154238,0.0005931886577825843,-0.004312143492113255,-0.003939849756647579,0.01547392258155294,0.002003982353517412,0.0034340177660320305,0.006675898982486154,-0.0010143678722536076,0.006608312911187206,-0.008902270521052386,0.013029019435313292,-0.0013984487757386817,-0.003401299744866724,0.007861460666100996,-0.007251962745402711,0.013701976587783998,-0.00982755087103073,-0.006830796055794778,0.01550824327634759,-0.007431872326705526,0.007782962881781589
SLEEP_POD,SUEDE <-> COTTON,SLEEP_POD_SUEDE,SLEEP_POD_COTTON,-5,0.015519836147259831,0.009151774178784189,noise,0.013645818190278432,0.020535417193547807,-0.012378273057953254,-0.006524238974048516,-0.0037826164454500895,0.010960000096457012,-0.008057517153938041,0.002626626861591474,-0.0021393970861258048,-0.01390488694590969,-0.009317470110946925,0.011137716019791747,0.0025882931662348776,0.006108104594938697,0.00412516852400248,0.013365035108030861,-0.012686999648145335,-0.0014032877801763719,-0.00022843208106772825,-0.004964081581548104,0.017223427357999165,0.00029262411409828926,-0.0027883347104832247,0.013634160697791864,-0.01102506048332919,0.006204873426785321,0.014229798998682798,1.2357445856443766e-05,-0.0007036149237590589,-0.0037856793372860707,0.014967608019196997,0.005169841204725633,0.013144381479122606
SLEEP_POD,LAMB_WOOL <-> POLYESTER,SLEEP_POD_LAMB_WOOL,SLEEP_POD_POLYESTER,-1,0.01210421482188412,0.008986526122334656,noise,-0.00018851899766081083,-0.00022109484642020958,-0.0008641838471105497,0.008100372492363332,0.015545665177772727,-0.0032077496501990636,0.0032332791142499233,-0.005643161856264313,-0.004208971565913054,0.0010523543908197404,0.013121821456727674,-0.00031520761946036237,-0.010141887810264674,0.011241957515800656,-0.01492879913958703,0.009942414843946956,0.007434778097146251,0.009582385425910759,0.0005306831659072194,-0.013850888547261964,-0.00435152580918565,-0.017693893921269806,-0.00045986812637316296,-0.0012641560633978519,0.0056629182593941636,-0.006647800317016113,0.010798960893141375,-0.009816292267913597,-0.002571522039551558,-0.0015408783161395378,-0.010215468475303012,3.5183680611632806e-05,-0.018561962827497273
SLEEP_POD,LAMB_WOOL <-> NYLON,SLEEP_POD_LAMB_WOOL,SLEEP_POD_NYLON,1,0.010868488295271194,0.003785202771073032,noise,-0.00988549918072786,0.00613556864175806,0.0011513042440286568,0.007835643780266351,0.008097393054326685,-0.002369306509537993,-0.006165936004295812,0.006289073043403914,-0.018665368772811185,-0.0006468140747625801,0.009766239230472857,0.014905562459787462,-0.01904784021437039,0.0042074677638337015,-0.007828048935652414,0.0006106193160149526,0.00702007439246815,0.0037249146047359924,0.010073572580224337,-0.013596818699348423,0.008935073606240823,0.008468036716024117,-0.002448592805065273,0.004090921654724564,0.000127204433830212,-0.004551697554446673,0.0002714511097068522,-0.005614991002718647,0.012981596080305743,0.011167885429754831,-0.002203752944520029,-0.01807092968730599,0.00393302089109287
SLEEP_POD,LAMB_WOOL <-> COTTON,SLEEP_POD_LAMB_WOOL,SLEEP_POD_COTTON,4,0.015052535326169703,0.009609851559136868,noise,0.022113066690064964,0.011173373475835064,-0.0006599406782639203,0.030397632764891828,0.00071944945137225,0.0014406904899216862,-0.0006073945800880595,-0.002192977386715148,0.0027001933963917563,-0.01142315240909998,0.0015173670602402988,-0.006608075977591544,0.0017587646798461315,0.020541750776489245,0.0014936149602939985,-0.0002593076488811797,0.00985108460293846,-0.018719162425590963,-0.0009833699328325488,-0.016374996618338047,-0.01320899437977777,-0.009035552802105258,-0.00947219342192128,-0.007981990192693885,0.0005901074304575964,0.009408581796440411,-0.01578425300571684,-0.008486278522471679,-0.022706683000644858,-0.013964644455392578,-0.004129931094721606,-0.010274877390826427,0.004733982048025833
SLEEP_POD,POLYESTER <-> NYLON,SLEEP_POD_POLYESTER,SLEEP_POD_NYLON,-5,0.015986391763587213,0.011475080951518711,noise,0.0035479767379960354,-0.017237880082307283,0.02717331847045832,0.011483997258368723,0.004731340554094205,-0.0018077432862003047,0.015913887705564237,0.01735803049102628,0.00027339548305065997,-0.003722380308032352,-0.0012021684621895416,0.011211501947738598,0.006789175569335659,0.00245141095207778,0.009588161695562336,-0.014817327395246467,0.0064482251126443445,0.013159690346665321,0.00603984295631458,-0.003215809971932199,0.008078003164344552,-0.011473701940799795,0.005407104072396013,0.009616943004726253,-0.004856152119734842,0.014319485862524807,-0.0049300473315375334,-0.007593620791606328,0.00024399090069672933,-0.0014858412634951136,0.0015593289724916463,0.004915394002105909,0.015262612154032965
SLEEP_POD,POLYESTER <-> COTTON,SLEEP_POD_POLYESTER,SLEEP_POD_COTTON,-4,0.012933990577540404,0.009102283710092614,noise,-0.009352729565255598,0.008176286074079537,-0.008395801266014719,0.012523874419108783,0.015102791285471663,-0.011175306028040769,0.00875851762486282,0.0017893144119128129,0.0029976127858054456,0.005234375112667227,0.0005542569702584697,-0.006693779020414115,-0.014123740827660576,0.010222534847399984,-0.006723577753919857,0.0007392079146883883,-0.025159660615695967,0.0014079825998934829,-0.01494470097892574,0.012520597341974086,0.0041576738214823255,0.00417469903801536,-0.00204299571878895,0.0028323064246945275,-0.0012367988713491733,-0.006961634342380652,0.003623920634454861,0.007700425749554881,-0.007309288543421871,0.0038681076054684284,-0.004004162546512293,0.006394061364919578,-0.014227481071545119
SLEEP_POD,NYLON <-> COTTON,SLEEP_POD_NYLON,SLEEP_POD_COTTON,3,0.01639689628874738,0.0076878480007456715,noise,0.0200903327997692,0.006519973996576348,0.004305397200889157,-0.0036963728216492368,0.02001866554324984,-0.004301326744977303,-0.0023642104447419952,0.006158641363415136,-0.002277364500924969,-0.0048406619276370145,-0.00252724475450629,-0.0050125706191549825,0.004685277621931061,0.008034129988691473,-0.013183276397839432,-0.0016543231020247878,-0.0008095660915894827,0.020599654808622744,0.005959250359423291,-0.0026900867455959547,0.005225158104391507,-0.007617038935179101,0.0023050747134091224,-0.02061444825515009,-0.020515838951769415,0.007863554191814452,-0.020811295722658277,-0.010452854591907926,0.01584652363404222,-0.011823571476236337,-0.013863028990408244,0.014654210279150589,0.005003269229087963
MICROCHIP,CIRCLE <-> OVAL,MICROCHIP_CIRCLE,MICROCHIP_OVAL,-5,0.020682327867501026,0.012649331925926736,noise,0.01143237644002783,0.02122631151382617,0.02938829564864907,-0.013896148865190786,-0.004114987050500544,-0.0031665115065119256,0.004354892757258911,-0.017777087374736145,0.004932565639448858,-0.009795373099117882,0.01593413574319121,0.019477792335906702,-0.00405290951759929,-0.0024385182773650487,-0.013497269975495637,0.01056110342133704,0.022346450285898687,0.005040442070544482,-0.00475268219671284,0.005305625056269611,-0.0011480648648143185,-0.015238572673514523,0.0022836156242136535,0.0026545296671558337,0.010379233108480464,0.004383947788026754,0.01064217865207333,0.0018023180862151147,-0.0024650378173791255,-0.005362836872832938,0.008823438774874482,0.004744766857447633,0.013847201975271414
MICROCHIP,CIRCLE <-> SQUARE,MICROCHIP_CIRCLE,MICROCHIP_SQUARE,1,0.012658297565795389,0.010709745226502684,noise,-0.006062681705723524,-0.0026795219629354543,-0.006527158848221845,-0.0037018355407196185,0.003847454325989987,0.01149190073092975,-0.00514652729190819,0.012531635751032633,-0.007390048870877026,0.0035478236833510392,0.011586791020811485,0.011557780224261136,-0.0049679319507950365,0.01037392007151076,-0.006818796345402768,0.015073166912869668,-0.004459365817462364,0.012596702949176019,-0.017271032837392696,-0.019347363462030216,-0.0013564963979632535,0.001802842170089294,0.003080253955539123,0.0011536852933476303,0.006894189517590239,-0.00018073998408410434,0.02978611672191538,0.0024957697429208083,0.0007911262670766645,-0.005152298585689519,-0.005532443250769339,-0.012795321860579025,0.009013935844383756
MICROCHIP,CIRCLE <-> RECTANGLE,MICROCHIP_CIRCLE,MICROCHIP_RECTANGLE,0,0.017962834281000113,0.017962834281000113,lag-0 mirror,-0.0027466338099613108,-0.005257958628035993,-0.01307968494236184,0.005579790512725532,0.01746529895623258,0.005842687020681351,-0.006591674100602568,-0.0036916402800741383,0.012162563379382428,0.016736932608460462,-0.010221714372164903,0.013939743198732403,-0.01925630627871863,0.0009760034909972015,0.005252201542726697,-0.011823354167979036,0.021283796636986853,0.020781352038034454,0.007099079222077609,0.0033459638045904277,-0.0068737313462429155,-0.001730814774891784,-0.008229655518751952,-0.01102664047352962,0.018705630601309052,0.014732028238134581,-0.00019613345542922526,0.024667134389433697,0.0026875205636787804,-0.011642935525736137,-0.0043327899536998,0.0033091634304485093,-0.0063200795217136525
MICROCHIP,CIRCLE <-> TRIANGLE,MICROCHIP_CIRCLE,MICROCHIP_TRIANGLE,-2,0.01205504575750454,0.0066438998512682035,noise,0.008693856568620232,0.012342409436404871,-0.009644118360814254,0.01681220280424803,-0.0015153897724627017,-0.0025229514753766736,-0.003750189965802022,-0.004674016221211642,0.002439576012829049,-0.018083884900540387,-0.0034093988896345745,-0.014671853482338659,-0.002055396401420617,-0.0010779561680603084,-0.016664895936933242,0.005348365425068967,0.009252655567355418,-0.005330678561380225,-0.0064985243415516866,0.01852092438517798,0.004291448687853862,-0.004558425760093844,-0.002019258966322674,0.005024208804103688,-0.003361094847481765,-0.0031364225806040052,-0.013247889024135526,0.0024126591123695335,-0.012120249242883028,0.008314963266866444,0.003970608326201207,-0.010509005984668304,0.0038786872948094416
MICROCHIP,OVAL <-> SQUARE,MICROCHIP_OVAL,MICROCHIP_SQUARE,0,0.012775539572088762,0.012775539572088762,lag-0 mirror,-0.007580836776120209,0.004006602322820433,0.019977651428096387,-0.007106318543923542,0.00016025701886220994,-0.0057865317725706075,0.0196761957087548,-0.006549821586746506,0.00674580112903321,0.006468502466498869,-0.009349255263404061,-0.001088490621552671,0.021660836241045443,-0.008600060991917636,0.0006182207214081987,0.022662069953841752,0.003977882372667367,-0.011686666389757166,0.00020175154324637517,-0.01067988350574123,0.0032067244505763386,0.0068336977735460845,0.0028159600044809136,-0.009673950289162495,-0.011556781332901146,-0.0012420206579735098,-0.01406416631245165,0.016038683068037653,-0.015478967079631518,-0.0006482062003031255,-0.010048841554705897,-0.00516484716164404,0.0006680152074468549
MICROCHIP,OVAL <-> RECTANGLE,MICROCHIP_OVAL,MICROCHIP_RECTANGLE,1,0.014965301614271601,0.0030186749982849567,noise,0.011873407942504756,0.0040576558809586405,0.01054055960727616,-0.0027646518716608116,-0.007676919714738854,-0.010050285278819812,0.02392997718205127,-0.00017576927759290324,-0.008124230853646086,0.0017344952742451116,-0.00017061841310468708,0.01689021279976989,-0.006295753678075101,-0.0017941930344013558,0.002354337513933712,0.005389160791006519,0.0029463719151788413,-0.0007204922886695104,0.0034406865104535172,0.01775231202972352,0.02370290630263777,-0.020440252633171785,-0.011206865619566395,0.008584010651222794,0.0019000436706718977,0.006958289209982689,-0.002401929513953062,-0.0026627480013019142,0.0021114593267697163,0.006675633579889143,0.008227217921393446,0.001602320847858314,0.00590498309854156
MICROCHIP,OVAL <-> TRIANGLE,MICROCHIP_OVAL,MICROCHIP_TRIANGLE,1,0.012057080483427731,0.00300138114334024,noise,-0.008668063347063897,0.0001354585342153343,0.0052239329050550445,-0.005314430088630394,0.009233624626374753,0.0005850914084556532,-0.002819011401626937,0.010683677589770933,0.011804466511113028,0.007619854437782325,-0.013337375455509738,0.0018897195292446167,-0.015089521008534083,0.0006225560903732205,-0.01200749826390286,0.0021439379427832888,0.004986356318510311,-0.0018738491687271186,0.010367429079414514,-0.009777423168762142,0.016026389202106535,0.00756269552216417,-0.0077738549797519985,-0.0027532682788593355,0.002702251664206212,0.005689817844426007,-0.0016864280945313869,-0.001012610729988755,-0.010918614362467998,0.005975614306896611,0.008100563140731978,-0.0020453354376792987,-0.013238879165872063
MICROCHIP,SQUARE <-> RECTANGLE,MICROCHIP_SQUARE,MICROCHIP_RECTANGLE,0,0.013098411867218072,0.013098411867218072,lag-0 mirror,0.0033984324376717494,0.0035703380676449055,0.0065313028277465286,-0.008523834255479054,0.024562407877093,-0.0024983059868572935,-0.014503029982645823,-0.01346781099201816,0.0019659084120701945,0.012770366856176598,-0.005949012487869174,0.004460184562645595,0.00023307542528761653,-0.0038725880916692644,-0.001919587365834588,0.008156006032761027,0.021011001302725162,-0.010128228266168028,-0.010763576928487983,0.0008633731652918772,0.006000828072292959,-0.0038435504581772117,0.005046881464393735,-0.01463664755585026,-0.011715172183801177,-0.0068324942121878035,-0.003094411946173618,0.0063102952410794885,-0.012843319258429776,-0.00045525693033924793,0.0036619350712769057,-0.017768449682051695,0.0010170015058961889
MICROCHIP,SQUARE <-> TRIANGLE,MICROCHIP_SQUARE,MICROCHIP_TRIANGLE,-3,0.01166475875157498,0.007489335466849913,noise,0.00787388289929299,-0.0057239226077989095,-0.015596756468991233,-0.0022393568592195437,-0.008852728739090288,0.0010039597292232207,-0.012989602555196645,-0.01751619445007616,-0.004488479249452135,0.013515634485130917,0.010458585537758218,0.0018725191729421433,-0.004322265373399549,0.00434271485176197,0.008924075115929431,0.003933850714866867,0.010780358932305768,0.007753796753377106,-0.0035298830500037712,0.00393467509249594,0.012850268446753648,0.007959755052869232,-0.005779481056089204,0.013928393392333639,-0.004690558658778714,0.0068316093119719905,0.014192438959453945,0.004567210377137575,-6.619783040654923e-06,0.009264877968713496,0.01453594271256969,-0.002081071619843635,0.0036467680117405004
MICROCHIP,RECTANGLE <-> TRIANGLE,MICROCHIP_RECTANGLE,MICROCHIP_TRIANGLE,0,0.012689150754128636,0.012689150754128636,lag-0 mirror,-0.001051161532363661,0.0021967788646682133,-0.016891783816438428,-0.0005435769717395713,0.006998129342841542,0.00771662733388337,-0.004013569258270508,0.007327172503035641,-0.015537011160150114,0.021072350909002977,-0.012308082170533006,-0.0014245302559264207,-0.011974641709909905,0.006639563039565137,0.006174546269951494,0.010191091955169217,0.016937356730794724,-0.010939003576421967,-0.010017884226443773,-0.008400576818180317,0.00011746593016202191,0.0054877982146044404,-0.00016841161280992456,0.003929271264360345,0.006838598185422594,-0.0018971603777164499,-0.0070246299497959755,0.013753143996160597,-0.018709946648139908,-0.004060253333894998,0.003779658834078778,-0.01041895251158887,0.0026662077895892784
PEBBLES,XS <-> S,PEBBLES_XS,PEBBLES_S,4,0.014458714128899729,0.012831600075013133,noise,0.004786867176910651,0.013140940184012852,-0.005695602384588075,0.002416065557455689,-0.008996141430859514,0.0032652081880378764,-0.006788431598732751,-0.0006815517457449474,-0.007663988523243894,-0.004757041286381268,0.0003584819753885641,-0.0025756471402076354,0.0005645788135365872,-0.00782205510324591,0.002930670492629123,-0.011210672677153123,-0.019037149838248564,0.00824697770963771,0.002887780840929997,0.006125267507914178,-0.011194872685699159,0.009753135399366413,-0.008996099240806164,0.0013598117622035074,0.009054497094889315,0.010933764198553705,0.005436378594855689,-0.024414667164769924,0.0010757059784097806,-0.01788576924351948,0.022899779963177595,0.0020500345259286358,-0.0029573951435559716
PEBBLES,XS <-> M,PEBBLES_XS,PEBBLES_M,-1,0.015735101012158127,0.014982235096372185,noise,0.004111277225032165,0.023913221264373136,-0.005048655260963023,0.018426009751597916,0.010442716864409266,0.009425855169058618,6.300452557879111e-05,0.001477122929669433,-0.017060568279974393,0.001420360428873768,0.007247357537747752,-0.001853487698488369,0.023065035449271323,0.011578163753367694,-0.012562103833835358,0.005415347823413468,0.012987620196113589,0.026543737269589498,0.006489701446287566,0.022155358588371653,0.007643789883863231,-0.0010662943725429999,-0.008413176592188817,-0.009080074261468622,0.01375631579609904,0.011789141122203115,0.0006465495118389892,-0.013218120459805917,0.001799444595532353,-0.002909021981614402,-0.0023840059619015235,0.0016901544919968833,0.008792735180865091
PEBBLES,XS <-> L,PEBBLES_XS,PEBBLES_L,4,0.01526850402851572,0.006520094000914748,noise,0.009235295628188265,-0.0051056325903575134,-0.0029054309042893965,0.0038244001354658936,0.0065756188269549265,-0.0018590890262122337,-0.004768897576186496,0.006258532365579642,-0.004100501685362441,0.017648693866518687,0.011338300633343427,-0.00650711461925908,-0.01555923969792674,-0.0020950427105115824,0.00444894187887398,0.004420462678628688,0.013270744781106982,-0.001869074543008573,-0.008103832458227954,0.008037839224857634,0.001357974162931321,-0.002426097166502603,0.009001743613084293,0.0016347317588173238,-0.016660735521400905,-0.009645950277473347,0.006837439562570346,-0.011006086914403511,0.009133736753015771,0.02566568841812788,0.0022281819067694122,-0.004633402161307934,0.001482433807266791
PEBBLES,XS <-> XL,PEBBLES_XS,PEBBLES_XL,0,0.49180028293172584,0.49180028293172584,lag-0 mirror,-0.014485418348576907,-0.025585687810113555,0.0050454352166842955,-0.012055370947057355,0.0006928851639548661,-0.007126742319772331,0.0076292735329952215,-0.009280898044897288,0.011450217743978027,-0.008563719986335138,-0.015295261247907262,-0.0023611282924188943,-0.005795163140936858,0.005859212604480582,0.010346685625306454,-0.4869382152557948,-0.49173092628348763,-0.49673170725589516,0.0019012987990028399,-0.00826800655413977,0.005987807519599922,-0.00713813726191813,-0.0011513269396596162,-0.0023434800249433107,-0.0035374965318348797,-0.012706497236795003,-0.005554820157619187,0.026028423973099617,-0.007895925332837578,-0.006050814228527013,-0.017694503688435104,-0.00761863930727396,-0.003501290928068693
PEBBLES,S <-> M,PEBBLES_S,PEBBLES_M,-4,0.014227371321421795,0.01267641475205016,noise,0.0013513037655343899,-0.011732391731182944,-0.00015940742745599467,-0.018147276529524144,0.01870763982918773,0.005827197605553509,0.010844955632772022,0.004869347956172233,3.5296158507490684e-05,-0.0010678124361553317,-0.001405241143616025,-0.020149578055916783,-0.0014311026345173099,-0.001293957676803014,0.0017031889143463022,0.012385358470786168,0.024533437891952344,-0.0011104478934119701,0.0025979692467812663,0.0038130317091064556,-0.0026534747683426394,0.005636826567421916,-0.012249361644832993,-0.01043024141298294,-0.006027982614809263,0.025028705519517507,0.011050832679968458,-0.01015854526644589,0.005703959541258677,-0.0069754102063938625,0.012272259398402078,0.02673209035704144,-0.0006465812837531478
PEBBLES,S <-> L,PEBBLES_S,PEBBLES_L,5,0.011681478602725344,0.011164157889667362,noise,-0.0076250553049441085,0.0010894637075550965,-4.1504195491049436e-05,0.006090782027451832,9.281324217919836e-05,-0.0035278820268834664,-0.0029718457972465963,-0.01600006365411593,0.0003386774737321627,-0.012604996313379762,-0.0017573852204473374,-0.01140669832035873,-0.0038206144274625133,0.0068774704733356486,-0.0015358704463703185,0.014149601577574018,-0.007157430117326428,0.012185441974101636,-0.012068040012794892,0.0051025935219390405,0.0019108689657296068,-0.0005315898734713541,0.011712216503982062,-0.015973574504006112,0.014261254824465214,-0.006405060226089478,0.0034160467461668304,-0.0020828189784613572,0.004441006485432546,-0.002852944155010613,0.005916202536964936,-0.01891951330239229,-0.010208719968818806
PEBBLES,S <-> XL,PEBBLES_S,PEBBLES_XL,0,0.4908899613525104,0.4908899613525104,lag-0 mirror,-0.010706016396540877,0.010070265660587814,0.004300119483136943,0.017972169571011765,-0.004976102886759346,0.0003696370938571985,0.0033718097880934225,0.01376619243728784,-0.0030081352531398705,0.010215531773223069,0.0033745659972123617,0.010616062962365993,-0.007122953342332706,-0.007580869466102528,-0.006135873312625687,-0.4909769656765996,-0.49359236393919753,-0.48810055444173406,-0.005666110854198711,-0.0023667294217094934,-0.010822571149382227,0.004989780905604955,-0.004467734619573407,0.008184970928240621,0.014043919270703266,0.0042258517978553505,-0.004850071973239616,0.006034275788777441,0.007250951097709303,-0.0023928833499920594,-0.010881991586386221,-0.008241003345787862,0.012186378825733106
PEBBLES,M <-> L,PEBBLES_M,PEBBLES_L,1,0.015994971752898674,0.011392788045204974,noise,0.008598726032894428,0.010104362749393843,0.014940670561736771,-0.012296727565667704,0.0018677038769531087,0.0005229197345178167,0.012158567037013544,-0.018810536516420364,-0.00420962507838241,0.004318432561581195,-0.006436116396777542,0.017036895681339922,-0.007887429726412053,-0.01571168650092955,0.006850617353912628,0.008173409162298454,0.005760945948751022,0.020244009024565447,-0.006273806062721999,0.013331228483446578,0.028379880712527453,-0.0007585646896095696,-0.010433512727039844,0.004597464015412635,-0.006083756756249216,0.019926987562919777,0.010829558399139237,-0.006506497272766055,0.008301229416333088,0.015639730194642047,0.024654025515180165,-0.00246067754110403,-0.012031795177376646
PEBBLES,M <-> XL,PEBBLES_M,PEBBLES_XL,0,0.5078547311105203,0.5078547311105203,lag-0 mirror,-0.010409196603264531,-0.02775619767328895,-0.017021222251762357,0.01644255731177386,0.0020457542066175914,0.001065431591594447,-0.007616720412710176,-0.007294613614907791,0.00013030384087989454,-0.005929460993928114,0.007220143598959693,-0.0028537545495196217,-0.004408436596077228,-0.0027913237904451673,-0.011071461377000536,-0.499086318742176,-0.5114241317969753,-0.5130537427924097,-0.011143309411282007,-0.007399849383496804,-0.01389089681929264,-0.0028198017027902104,-0.0033082230612125826,0.0020655913136841224,-0.0027493827462205193,-0.014263681113401587,0.009437946947266768,0.0011926194919129644,-0.012003304712647033,-0.01291636644392247,-0.01812366410601974,-0.011760640752154237,0.0004818255744880122
PEBBLES,L <-> XL,PEBBLES_L,PEBBLES_XL,0,0.49456196207249487,0.49456196207249487,lag-0 mirror,-0.01347760043901964,0.02176166223112136,0.011595971255863065,0.0065764298142839735,-0.008076656439440218,-0.02765735975321358,0.003437675166823839,-0.004756700146989693,-0.00937723224524667,0.007112949532205829,-0.003267024345987635,-0.0008402084279501339,0.009400914885764812,-0.01806950094974331,-0.024825847107266916,-0.496015653669225,-0.4939279984794186,-0.4937422340688412,0.0062646574600977115,0.0006064919519630885,-0.015982063473620557,0.0011636190191493003,-0.0019280134130906683,-0.0031439980569708315,0.0007470404878082375,0.013314020781582486,-0.00015764159296119997,-0.0026197249940229316,-0.0024770691062950168,-0.003812882248815857,-0.004866868847256732,0.0056947207872968236,-0.006996481737345318
ROBOT,VACUUMING <-> MOPPING,ROBOT_VACUUMING,ROBOT_MOPPING,-3,0.018237566303263644,0.005850662795545174,noise,0.009100072207528969,-0.0024994168258916536,0.0015158408819092143,-0.011494451889034647,-0.005853145001524128,-0.0038707581787058272,-0.0187430133652796,-0.035004123991829804,-0.0009655615526815257,-0.008381123714693652,0.00011287572005598034,-0.00834741030476881,-0.011874653178052719,-0.005550078061802315,-0.006368158200111145,0.0031621029924356996,-0.01149526555307506,-0.0028946198411247616,0.004135783009047388,0.0021340897301424457,0.0029288332929930804,0.02485257004053175,0.0146157485858353,-0.01109470406197084,-0.011392157557101604,-0.0024236288654784794,-0.014603577792148234,0.0010620710359870978,0.0036887616446448653,-0.012043195495891999,0.008405018497044376,-0.008272731618152323,0.012155119053518666
ROBOT,VACUUMING <-> DISHES,ROBOT_VACUUMING,ROBOT_DISHES,-5,0.017603325797906636,0.005743030832058728,noise,-0.029375295299608317,0.002671709167207143,0.020762972926904457,0.016937490669094807,-4.744394377072007e-05,0.006335994655189526,-0.004917350378379276,-0.01795696853887001,-0.004646411650152253,-0.003915174237226242,-0.012074335690715185,0.00639614134973982,-0.0029263381098808324,0.009305802987274115,0.007162568189498126,0.007045656600356739,-0.0009467843762518193,0.009236651519567629,-0.0027671347425083774,0.006773778190553991,-0.02085603523430797,0.007402377128269961,-0.0004259517500912311,-0.0003019380377202768,-0.002732665195276146,-0.006483146809919551,0.006467806757672141,-0.007365621403359843,0.008120966571561373,-0.008517679442151252,0.015592462969114955,-0.010997130606129293,0.007377366352524972
ROBOT,VACUUMING <-> LAUNDRY,ROBOT_VACUUMING,ROBOT_LAUNDRY,-5,0.012599524639401706,0.007417945556277603,noise,-0.02709178451340376,-0.006173878642504537,-0.00453291076229682,0.014205469539193013,0.017889991608885727,-0.002613521955124632,0.0032974782953585167,-0.012478747807314113,-0.0006253359482851827,-0.010900800270890472,-0.009075746545972357,0.0070178626718074245,0.002393718767999151,-0.020799581661773148,0.006719357228311173,0.0016496371005929745,-0.013259161561264578,0.00734503800697526,-0.0012147516308440437,-0.013085420617245817,-0.010689226908591903,0.005364967008875146,0.015201883655853928,0.0005052125827805381,0.018995603641332116,-0.0035694934018238246,-0.007848158165193752,0.005633175994656194,0.023602062952086177,-0.004534925972324246,0.017398037049049884,0.003356124336641649,0.00513584220299842
ROBOT,VACUUMING <-> IRONING,ROBOT_VACUUMING,ROBOT_IRONING,0,0.013622187069226665,0.013622187069226665,lag-0 mirror,0.006865230790561337,-0.005279732125479719,-0.004516644239750856,0.0005998016908561378,-0.003580912840617641,-0.0035363087680111505,0.0032273549663334763,0.010455912764104597,0.002667497784130001,-0.00378551485839708,-0.0015241286769057344,-0.004322078396586575,-0.01081872023471027,-0.003436858587887071,0.008156360448921261,0.018211366655615378,0.003361098667171387,0.019294095884893225,0.015343876678554245,0.0006205259038781906,-0.007241160119057075,-0.004429505642515937,0.011449485154284816,0.003276420712318715,0.003707967406286163,-0.0027548022731872426,0.0038717766373971953,0.007244406641654002,0.0025449496639455634,0.012648245665924126,-0.009045394573363404,0.0006520462365762095,-0.019629489316431763
ROBOT,MOPPING <-> DISHES,ROBOT_MOPPING,ROBOT_DISHES,5,0.013851257916341453,0.005524450353068522,noise,-0.0005698950276329244,0.004417536840339837,0.014815581842541696,0.003993766746753483,-0.013771797031522355,-0.010373566575812912,0.00046060218701202046,-0.013184684776003932,0.023830525626642972,0.016442329161602983,-0.015192165075557483,0.002126546707900459,-0.0054383519611196866,-0.013493300330400948,-0.010134597763835048,0.0022555490722675456,-0.0028960327915716058,-0.01142176919536641,0.011734906635849673,-0.0021489624729471605,-0.004689008419353603,0.014105237528669603,-0.0063238950470345815,-0.0021412514075813014,-0.009721310520429289,-0.009627025085961173,-0.001267384598479253,-0.012021583672418035,0.006987993060645761,-0.008393475475168553,-0.009050304631058458,0.016371866231697934,0.016131602886267964
ROBOT,MOPPING <-> LAUNDRY,ROBOT_MOPPING,ROBOT_LAUNDRY,3,0.013335520501241227,0.012815468533659788,noise,0.006858946832050604,-0.01046461772713684,0.010922004354754941,0.02133987729191309,-0.006812988227034904,-0.001762916673879306,-0.0034675261225920032,0.01339167386524365,-0.0010087575826788159,0.003062867615700115,-0.006206772795523668,-0.019609489362432536,-0.013093602888966362,0.01347178401124131,0.004366617848252132,0.004816376281922727,-0.010723330947691056,-0.022906698371365584,0.003232845584032204,-0.005501519784434207,0.0062311288844706285,0.0017156508957324212,0.013770070227743845,-0.003286184607161706,0.021790408464201667,-0.009599069990710155,-0.008617083048811864,0.010453459062740514,-0.0015942655348529077,0.008862542705925432,0.00707316617017352,0.009695117729681449,0.007607732894632723
ROBOT,MOPPING <-> IRONING,ROBOT_MOPPING,ROBOT_IRONING,3,0.013272042327854908,0.008652494378172141,noise,0.015169032717041021,0.006319016361997102,0.005170446463346251,-0.004766168933142067,0.018882770586859415,0.0020195064543440683,-0.012882269077895202,0.021204036711520352,0.0005600750994710483,0.01023775485538721,-0.0037198412349638207,0.017421193870261528,0.005714052297766781,0.009785936968793187,0.0028108561446214073,0.005142086872824146,0.007058966105115662,-0.013756430156576616,0.0027672721551541767,0.002375147693308626,-0.01717389155084619,-0.005618456430369448,0.0004486335532772466,-0.006132508882950871,0.014696436961286113,0.01599818310613236,0.009121506916146252,0.006444159300334527,-0.008219350313291936,-9.67163644468254e-05,-0.013257325120427745,-0.0023528288334083254,-0.0022284759969341188
ROBOT,DISHES <-> LAUNDRY,ROBOT_DISHES,ROBOT_LAUNDRY,3,0.012588785191085772,0.009645460581917106,noise,-0.0023604187389010653,0.0025483975207605935,-0.008247630723534068,0.0014590302457987677,-0.01836515797123764,0.004128793926890125,0.00030660457125814125,0.0024207924171118257,0.003365519169166618,-0.0003477482216771863,-0.0037691394052980698,-0.007545770103160266,-0.01243195947220868,-0.01213475952120943,-0.0020751064312973895,-0.01739473327890617,0.0034612091078815503,0.008080439358963598,-0.0007234878181858214,0.0072343869260246395,-0.0007503078339686989,0.011015179780553764,0.008529404525871564,0.0006112072675856589,0.016926959671432682,-0.00587745947012722,-0.014961936431697416,-0.0029123792926861753,0.0010814398515799546,0.003792972397966227,-0.0030302688117378545,-0.004979490637538509,-0.005178485620715459
ROBOT,DISHES <-> IRONING,ROBOT_DISHES,ROBOT_IRONING,-4,0.014666214234424407,0.008038298327439939,noise,-0.010240561515483816,0.014571184678542588,0.013314555964384195,0.02492096261320387,-0.00703087944096554,-0.012046800649103807,0.0057444137754095155,0.009345159269234616,0.0007113761508221299,0.004819884610545947,0.005122167661442091,-0.00633350567330949,-0.01707780634839828,0.007079172462872169,0.008216098146036433,-0.011156215528469222,0.010206120036930232,0.002752559416920365,-8.959882033408669e-05,-0.0006570974193990879,0.004263834696300236,0.020269596586267206,-0.0015669254979489204,-0.014795988839967062,-0.017820160679189255,-0.005908180240215287,-0.003389611619156709,-0.010446737879204665,0.0018433695066963007,0.00028449064633957413,0.0008729453819052585,-0.015393081344955815,-0.016341199834621734
ROBOT,LAUNDRY <-> IRONING,ROBOT_LAUNDRY,ROBOT_IRONING,0,0.011882875419007302,0.011882875419007302,lag-0 mirror,0.0005730736969295094,-0.004334278919377805,-0.0010435591147280228,-0.0031230552487802425,0.009182693375032684,-0.00029928792400996286,-0.006386757993074745,0.009822553712397068,-0.0024388270400080873,-0.00048805625265811015,-0.0020912123042410168,0.006700881667424834,-0.0006500270634625803,0.00183574872789315,-0.00809378045925371,-0.013537277274411974,0.0046201944621103485,-0.01749115452049958,-0.008831163284579141,-0.010773298628638033,0.013864598324410716,-0.005885624983518903,0.009905405833071453,-0.004624606573794033,-0.0014587729675384887,0.0036664708033550463,-0.0028503760304199655,-0.0011972557294314054,-0.01736800257407536,-0.007807026209406367,-0.0009871188973868748,0.006415407469167347,-0.0018944520528118064
UV_VISOR,YELLOW <-> AMBER,UV_VISOR_YELLOW,UV_VISOR_AMBER,-5,0.015278475256791602,0.006214022423947527,noise,-0.01007553274765896,-0.022927988357271223,0.012831904665444621,-0.0021330446118296162,0.015108430122420123,0.006162564281002995,0.02006459780250789,-0.009362999291271495,0.006214113616336369,-0.007190664279572478,0.025633428717511824,-0.010411911862971216,-0.011053300893144519,0.0020443982434636,-0.010778432699595327,-0.006185689540273721,-0.006627442091322134,0.0058289356402467275,-0.008212386400097242,-0.0073250547361538515,0.002866993791491047,0.002361669170662189,0.005353256704444188,-0.01812718563002117,0.0027530023765543112,-0.008376320438875637,-0.009286824165407706,0.004235203038166389,0.012124461767091515,0.004016257033463773,-0.012657039583452568,0.0006205943944849177,0.00861405798786793
UV_VISOR,YELLOW <-> ORANGE,UV_VISOR_YELLOW,UV_VISOR_ORANGE,-3,0.015755003387553815,0.007837526590521794,noise,-0.007742246434054068,-0.005345612904224113,-0.004130892908310208,0.004292544323925562,-0.011921715324164127,-0.008509081635783376,-0.00828778383827603,0.02842640457918989,-0.01055082174519553,0.0069449045924984566,0.00844334343584259,-0.0006491398711029123,-0.0001834122807824171,0.00039279668605658426,0.0025062517346582463,-0.005514762659008897,0.010098613424483033,0.00789920368807345,0.0020672863741120345,-0.009899127239066814,-0.002724460084871581,-0.025271738019677036,-0.01706080303693064,-0.0012188985675690197,-0.0010572131043448407,0.0027465753236574435,0.009101295667358402,0.001652129261561942,-0.008017253618113951,0.007904622304055817,-0.014490571643584936,0.018190874064218546,-0.0027164162945324008
UV_VISOR,YELLOW <-> RED,UV_VISOR_YELLOW,UV_VISOR_RED,0,0.013014850154434272,0.013014850154434272,lag-0 mirror,2.3041743386459322e-05,-0.0067564948628146045,0.00686491867708758,9.463681151528652e-06,-0.004146625805236215,-0.009471178324525558,0.003920668209978336,-0.0010068774888777703,-0.009291753596046299,-0.0035562025986712515,0.018056947758440942,0.007238248052305603,-0.017284116344452254,-0.0066158943824163345,0.011381248277111478,0.01223724469938155,0.019545572764714664,-0.007261732999206607,-0.0019005507354840476,0.01219273738415972,-0.014506290907655513,0.014488229483077432,0.010094722699912956,0.009081264311884631,0.011406970888336726,-0.006740288031041804,-0.0009697123048994952,-0.009082117718571514,0.0027950118761334722,0.009175188879855115,0.008199440196252648,0.008750224144377722,-0.013050460570177077
UV_VISOR,YELLOW <-> MAGENTA,UV_VISOR_YELLOW,UV_VISOR_MAGENTA,0,0.012348472835837591,0.012348472835837591,lag-0 mirror,-0.005302810223164412,-0.014078189002396897,0.008935332938602754,0.009750090151783975,0.00416805308168363,0.002681970164261743,-0.01363970765410601,-0.008895540779378546,-0.0013465367197018215,0.008405169188781932,0.017827305892303427,-0.005942978232371645,-0.0028264523850007753,-0.01111019994762165,-0.007487162676605271,0.010235291733007584,0.02185301562385303,-0.004957111150652158,-0.00434209572242236,0.00884968104857348,0.0024737963910433955,-0.0008453114195970697,-6.417789472534995e-05,-0.0014291050980046094,-0.006761993259861742,-0.00861196194651188,-0.004409060914710309,-0.005905480170796903,0.005737843121625425,-0.004543658074189024,0.007302185263124531,0.0012401927377901241,0.009110931048181977
UV_VISOR,AMBER <-> ORANGE,UV_VISOR_AMBER,UV_VISOR_ORANGE,5,0.012870611859219285,0.004367093854655565,noise,-0.008181742829696373,0.005501811326775287,2.6384507403449833e-05,-0.010742521392634076,0.0013125089748997152,0.006531536640630491,-0.004967369736601239,-0.0003239522787555613,0.000979394323223815,-0.015542557704673467,-0.01273993193857362,0.00033558288914457927,0.0004147666065306682,-0.008626392006329569,-0.004423580859993133,0.008422093757971122,0.0015116094821212753,0.003167578323874296,0.005985537416057891,-0.0076069803091560135,-0.010668459963933915,0.014900914271204655,0.00446724823246476,0.012247281577226826,0.0097844784555918,-0.009674732768727708,-0.007330776402474274,-0.007977031894809132,0.01334819717649748,0.0005756270350361286,0.0005912125124155518,-0.022688926970985155,-0.015331696094257151
UV_VISOR,AMBER <-> RED,UV_VISOR_AMBER,UV_VISOR_RED,-3,0.014297992744767542,0.008535123463323739,noise,0.005338650133674655,0.00291814868051664,-0.0024215733818823506,0.006102760367286599,-0.008399211557160155,-0.0020790439797086662,-0.017342248403047766,0.010710812243139847,-0.01484091758811501,-0.013716061094279907,0.003214210973446105,0.006253913891131527,-0.0013046195880947074,0.005703677783930379,-0.006519081025599248,0.011131769478433015,-0.003663963459330764,-0.01080963745220744,-0.005043719953215993,-0.010754582217057369,0.0012136581455235262,-0.009149895440506624,-0.00620949797849201,0.001385860125258122,0.007629987163717877,0.011102915007558303,0.009041639296368607,-0.008470030571140623,-0.013976043622751668,0.0024481422765120983,0.003639149768438675,0.0059571370478306036,-0.0068610919495252
UV_VISOR,AMBER <-> MAGENTA,UV_VISOR_AMBER,UV_VISOR_MAGENTA,-3,0.013302195856946322,0.0062820612620341195,noise,-0.00396570318687722,-0.0034007309417908443,0.007228193102360689,0.022149899162341134,-0.001349391584649115,-0.00015325581842580698,-0.01254689477382493,-0.018685079273408157,-0.008674613523605877,0.004065234755263319,-0.014021506913855626,-0.0033872130969945053,-0.013497045345623838,-0.002699697568762493,-0.005209868650218136,0.00039285810749184816,0.006140052966541255,0.012313272712069258,-0.004654318746764293,-0.00852386315531249,-0.011183569464140768,-0.004370284718682873,0.0038000530200186515,0.005888064116246722,0.012195184254930248,-0.021378610869851166,-0.004571891612079039,0.007842553096678192,0.017802033723325648,0.0071653841249232665,0.0012932869997490338,-0.004416022142545125,-0.014890604063850595
UV_VISOR,ORANGE <-> RED,UV_VISOR_ORANGE,UV_VISOR_RED,0,0.019667914200935593,0.019667914200935593,lag-0 mirror,-0.008220489197398673,0.0038204833420706417,0.006285118186222079,0.00688979003384368,0.009929042697728851,-0.0002280535346067408,-0.005770882121403847,-0.00406142709243711,-0.0018017242940834483,0.0044784386429348455,0.00460162448035843,0.02316843673130591,-0.015253438328062674,-0.016221646802265566,-0.01254345786012483,0.004860540837147893,0.028836019653422047,0.025307182112236832,0.004031234672313015,-0.006168805138839382,0.0008128539779144121,-0.00851401661644482,-0.011516794456646372,0.009810348882038591,0.0018221545849329173,0.004464895127796959,-0.01424680538348546,0.010531646820719226,0.00950272308700366,-0.0016351781233596124,0.0008600232873713836,0.0010212746209637173,-0.009566082297354042
UV_VISOR,ORANGE <-> MAGENTA,UV_VISOR_ORANGE,UV_VISOR_MAGENTA,-1,0.01571577516692586,0.006434247864688961,noise,0.009378070653621515,-0.007993008498586864,-0.019472899159784073,0.004919443420517382,0.007297742560097009,0.0007837078546711363,0.0019203759190690032,-0.014878168097713432,0.015120790866487105,-0.016326195479671825,-0.0008485739776479756,0.010601072088643066,-0.01245896176777862,0.013159249615528244,0.02152911411747071,0.012166962641957333,0.0070393086960675,9.647225604204943e-05,-0.00598596695919856,-0.01748343812148685,0.004131856910700802,0.009253824820296247,-0.015182872230165715,0.0003552681012678356,-0.006718890396035625,-0.005423194811430457,0.010274876305701498,-0.01617477148983862,-0.004077516602388947,-0.012923202223597557,0.0050747119654655495,0.002886788298001752,-0.0014091203818207684
UV_VISOR,RED <-> MAGENTA,UV_VISOR_RED,UV_VISOR_MAGENTA,0,0.013729908394081489,0.013729908394081489,lag-0 mirror,-0.0020898030015281525,0.023328561721953994,0.011658840305847731,-0.0014148728647989447,0.006432915781184226,0.0014075115664804057,0.005129757265047835,0.0020771265186030475,0.0022510521076976615,-0.006173016109810232,0.01799505034813799,0.0022513652828501326,0.0076760911136748025,-0.007656822234318391,-0.009806771243080986,0.016664268941875927,0.011650532173140582,-0.012874924067227955,0.00030244033842171086,-0.011978789825316007,-0.00416118753762045,0.00298149052600436,0.0005644635236711247,0.00262673938170647,-0.016803360290652998,-0.0009170103985940767,-0.0035035387164100784,0.010513500188009773,0.008702740453978387,-0.008712844746287142,0.003112136512660677,0.007165072152291028,0.004314255709105814
TRANSLATOR,SPACE_GRAY <-> ASTRO_BLACK,TRANSLATOR_SPACE_GRAY,TRANSLATOR_ASTRO_BLACK,0,0.014366486845059784,0.014366486845059784,lag-0 mirror,0.0031139610770931285,0.004081505717616361,-0.012901684240642771,0.004188539537640769,0.005454072494266497,0.0022214753846703174,0.014628102610111942,0.016306009625484785,0.001837314762866567,0.007487395521248247,0.005743624268531601,0.011192108597872437,0.01794367203166507,0.013117464671446791,-0.0035906640604612813,0.0144739077764489,0.01996176175034869,-0.008663791008381761,-0.008107857213731773,-0.0040085282300667035,-0.003953556992653161,-0.0109670738199339,-0.008484088638509303,-0.004319461258475879,-0.0019220688651526974,-0.0024608315316006204,0.009225251787588935,0.0035906945146367093,-0.00510697743796578,-0.008047336542301515,0.012265706015451927,0.012434470884748331,0.009122740457720045
TRANSLATOR,SPACE_GRAY <-> ECLIPSE_CHARCOAL,TRANSLATOR_SPACE_GRAY,TRANSLATOR_ECLIPSE_CHARCOAL,1,0.022097076657812426,0.010224100313221346,noise,0.010303400535736066,-0.00810358002292782,-0.0020091460351525326,-0.009330246165803847,0.025184025834412004,-0.004358780083374688,0.012828835220704578,0.007709377639881814,0.01200301347028485,-0.007206249716610369,-9.923133925919838e-05,-0.0059453850668654,0.017545236022889273,0.0021181508905938626,0.009699783200665908,0.015166100597396183,0.006323765343080482,0.009182434999187373,-0.012037349556359524,-0.03408862978727348,-0.020165250629804274,0.0007640878885249948,0.0014737769324017652,-0.012199567572800109,-0.016310842531863934,0.009331223752449594,-0.0028852531563687348,0.016842924411877045,-0.00511179026231099,0.017252797103630483,-0.0008883818569834195,-0.007704627009246361,-0.006124935124551442
TRANSLATOR,SPACE_GRAY <-> GRAPHITE_MIST,TRANSLATOR_SPACE_GRAY,TRANSLATOR_GRAPHITE_MIST,1,0.011790449005237227,0.007078240393118174,noise,-0.009823156365202855,-0.018101917538215717,0.003554934347609913,-0.010829996443857959,-0.0053665584655407435,-0.0010399973738690156,0.011877715013153852,-0.0015637464135167278,-0.006670845805898043,0.007236352445137737,-0.018114135042164768,-0.002386275443823002,0.003416325354331368,0.009260307265638921,-0.006830028962353283,-0.009594971971209152,0.008133485242949398,-0.003506263965195974,0.006447179334132714,0.010734928306259774,-0.018189239375319192,0.00012496524052157162,-0.018702509546294235,0.014922942342920574,0.0006349087537022013,0.002369188122377839,-0.002905463198542239,-0.019950659380849,0.0015495013750846073,0.011206455394271973,0.00724756614801245,-0.01095233817150488,0.0032681734333610884
TRANSLATOR,SPACE_GRAY <-> VOID_BLUE,TRANSLATOR_SPACE_GRAY,TRANSLATOR_VOID_BLUE,1,0.012730816372038184,0.005721484239781614,noise,0.004862791434048635,0.0056709245643373025,-0.004286344588274109,0.0007361970148201955,8.238733823788072e-05,-0.015104968657617155,0.012160053106884127,-0.0018675132781729928,0.0038907520491820715,-0.003946403966577975,-0.003266264228837698,-0.004986007545078928,0.003957042323136888,0.000816216528799764,-0.012459103460323681,-0.0020400908400855103,0.013130526236369826,-0.0019938356428895053,0.006508097578196025,-0.011003945032848914,-0.02068040650506961,-0.0004711335530706646,0.006273167857051912,-0.027063565392845584,-0.0006882156192417796,0.0064377995185358975,0.012677006235044638,-0.006179256575527828,0.00823194638966849,0.012353483568076414,-0.0062669611059658235,0.016936458833596457,0.0014337507625060476
TRANSLATOR,ASTRO_BLACK <-> ECLIPSE_CHARCOAL,TRANSLATOR_ASTRO_BLACK,TRANSLATOR_ECLIPSE_CHARCOAL,3,0.013810612470837431,0.007275825298535158,noise,0.002173033562085224,-0.006186652529365875,-0.0050918342194951486,-0.002989695470656898,-0.015262779935470634,-0.007988766885880075,0.012092416096023765,0.019056208315886364,-0.0009502198731719246,0.0044617235471542845,0.0018633951741592752,0.029903409789217645,-0.0025817898199459633,0.007591099168474131,-0.013373676296496186,-0.005272795026114444,0.011938028874826338,0.004616651994664693,-0.011046405451452999,-0.0028077796630915225,-0.008545532944033525,-0.03469609817141386,-0.0004515992225103513,-0.000821177333073948,0.008115486319709085,-0.032821511835968535,-0.000494839256834676,0.022753091550511525,0.004792098843667766,-0.012156858033511853,0.0018331373451056857,-0.0017553624339875522,0.011642180996212457
TRANSLATOR,ASTRO_BLACK <-> GRAPHITE_MIST,TRANSLATOR_ASTRO_BLACK,TRANSLATOR_GRAPHITE_MIST,4,0.017240043840595708,0.0040154525134750724,noise,0.009231313737638289,0.00861380174482206,0.00024341605425984826,0.012030362124129801,0.005063600109694726,-0.006481379862848915,-0.004392423035145269,0.0053829608978170004,0.011022224375291732,0.010247568032484295,-0.00033033666937175966,0.010528833369538625,0.002636823433471093,0.0014259891961254593,-0.006273515747112611,-0.006956444686281523,0.0007960086792459353,-0.004293904174897759,-0.0007802986624515102,-0.0028066855393322774,0.002254238222601676,0.013120466199489537,-0.008333170550415601,-0.006766261894581016,0.015232101110579797,-0.005275842060595769,0.020463330840385745,0.02750244768590965,0.008402585354341536,0.015815098481535936,0.000904833854615867,-0.011964023920853982,-0.00711492404727645
TRANSLATOR,ASTRO_BLACK <-> VOID_BLUE,TRANSLATOR_ASTRO_BLACK,TRANSLATOR_VOID_BLUE,3,0.016558262071064606,0.005161291872965899,noise,0.0009249105572986194,0.007522552951261728,0.004958665269878747,-0.005431202581233533,0.0032447034472918137,-0.0004778754045952288,0.014987473492129146,0.013031982780487722,0.004782103061422348,0.0093548120941883,-0.0052124883990774425,0.011362753901345732,-0.0017645203215307392,0.009415798149177661,-0.008975220930260293,0.0014273271256210259,0.013336763715627399,-0.0007197847776492717,0.014414524025981892,-0.0001263282854035751,-0.0002606292426203384,0.0011036977751763865,-0.002837489608129887,-0.0013374072663531822,0.01934556810618403,-0.019321407727719335,-0.011007810379290451,0.0005613293266069314,0.004148095497939593,0.01035992505163448,0.004007656583077864,-0.02378613918212833,-0.02071672562785817
TRANSLATOR,ECLIPSE_CHARCOAL <-> GRAPHITE_MIST,TRANSLATOR_ECLIPSE_CHARCOAL,TRANSLATOR_GRAPHITE_MIST,0,0.015691524026360523,0.015691524026360523,lag-0 mirror,0.008297008806403381,-0.02820297725126007,-0.005458253622206943,-0.007811450952312923,0.01470490931613928,-0.0007217895140757234,0.0003118124314169711,-0.012536921095219854,0.005002193270966991,-0.00023497964281141308,-0.014093394513814519,0.005106235624415284,-0.010096163837096033,0.0023823360769559907,-0.0022802904429662435,0.010639115018674072,-0.01335629062161761,0.023079166438789888,0.006669843183639062,0.004401627607154167,-0.010640785603136594,0.0036811688473409637,0.0005119475615436679,-0.019642235545511703,-0.007522840142262456,0.005070448075868152,-0.00462211554360549,0.019762165434960035,0.0016396268296475327,0.001134243399894435,-0.00432745978227037,0.005357022439809685,0.010816350918347211
TRANSLATOR,ECLIPSE_CHARCOAL <-> VOID_BLUE,TRANSLATOR_ECLIPSE_CHARCOAL,TRANSLATOR_VOID_BLUE,-3,0.015832127603699286,0.006459581846243588,noise,0.017457914743859868,-0.011919611568523376,-0.013767013339574261,-0.01235216685137124,-0.0033779340877144,0.00656149259440894,-0.010075212903831884,-0.0370598914199248,0.0003612784873411763,0.011703231867001845,-0.008710412055728969,0.012333959651358938,-0.003432323218820565,0.013276237709693007,-0.011508108622900587,-0.008205904642476204,-0.008554194058473817,0.0026186468377807416,-0.016695340664209937,0.009900014412911093,0.003246177873605402,0.009895837617894516,-0.012920384113724712,0.004021011314078283,-0.00883401669887173,0.0067530943208531855,0.0017966797214653933,-0.009657993361421828,-0.007400400713433032,-0.0077164660748643265,-0.0014897639243552023,-0.0064843617762992785,-0.0030474120808055088
TRANSLATOR,GRAPHITE_MIST <-> VOID_BLUE,TRANSLATOR_GRAPHITE_MIST,TRANSLATOR_VOID_BLUE,0,0.017550870197238163,0.017550870197238163,lag-0 mirror,-0.006517757368092264,0.003843656117574949,0.0038780618822533805,0.0005070499336354171,0.0005325575209805433,0.009734878511019115,0.00580735957096616,-0.008947317035414943,0.006282914281202939,-0.007659553749376617,-0.003417105404200309,0.004377994049729962,-0.004245453007332821,-0.010853762300190372,-0.011423233090518403,0.012605157560846125,0.010925669406956927,0.029121783623911438,0.0079457072513879,-0.005698394402190477,-0.01688993692590524,-0.0007512329793876671,-0.014150299008147729,0.002716491977194339,-0.014826341552516914,-0.0076686838105472456,0.01440904469017851,0.010005818155698117,0.014754323513106625,0.000462476012198341,0.004077231034531848,-0.009363064937657189,-0.0049979341888840905
PANEL,1X2 <-> 2X2,PANEL_1X2,PANEL_2X2,-4,0.017765432872877778,0.010786523194438881,noise,0.0025572687073650464,0.01566733524979147,0.01185173052323202,0.021337905334668523,-0.025985217879204988,-0.0059731754047598245,-0.004674604823116722,-0.00485469035939436,0.0032942245421817627,0.009713675049200204,0.0041866136414632415,0.0046455297968513104,-0.01480182052909163,-0.003367514933279934,0.000475082336954394,0.004015235775183438,0.015669322882687537,0.01267501092544567,-0.001680671759994299,-0.007751655992221466,-0.0020588113320662146,0.0028357791224384228,0.012101401771265126,-0.002506945261516196,0.018784003111824713,-0.02299295228694786,-0.0066630529922474995,0.020277930959942517,-0.005890303108041933,-0.007266633058638345,0.007342628179472388,-0.005807357522600064,0.004266726907070595
PANEL,1X2 <-> 1X4,PANEL_1X2,PANEL_1X4,5,0.012534411496522934,0.006055975481400642,noise,-0.003791623159365926,-0.009015161869531418,0.007898615657106027,0.002544689189833112,-0.004311231688136143,-0.0175943784260605,-0.0038542326478136013,-0.014726160426404684,-0.006535432055243007,-0.00949433790272668,-0.00743618067015746,0.005081607876548148,-0.0003135632594526642,0.017388359737104304,0.011312906809515128,0.006518780040602422,0.0038189893560086332,0.007830157047590873,-0.000263621834767465,-0.019437151059560665,-0.015533729892080187,-0.0014962115360650247,0.005585052955813628,-0.006290507725863952,0.011422894936914884,-0.006288747138318694,-0.0062398983221932346,0.008193982741277745,-0.0030514903072299216,0.006142651388568048,-0.010983910395747398,-0.011830137168913901,-0.014789186924907499
PANEL,1X2 <-> 2X4,PANEL_1X2,PANEL_2X4,2,0.012765222744999907,0.005938751417012153,noise,-0.0019418491177005874,0.009505511095793411,0.011774251767528714,0.004326982250489424,0.013568414726679792,0.0168217041749263,0.014557497992691704,-0.002245974016630147,0.003552139603958005,0.008204294596318476,-0.004829385335365987,0.008106700604235824,0.006499290003143927,-0.015576437076927595,-0.011843904478892523,-0.002021684042444187,0.013675025983566371,0.0021195442250259012,0.013687967153156143,-0.01224233466318688,0.0027555532826586977,-0.006877723138816973,0.002444984374994588,0.028972960721188153,0.007791558801607357,0.012982908808107688,0.0009812865248497264,-0.004074235833516145,-0.008706029121564287,-0.003053043571831718,-0.019148557401187333,0.004430105205905272,0.012782128229778872
PANEL,1X2 <-> 4X4,PANEL_1X2,PANEL_4X4,-4,0.015661863584044908,0.008449906926583782,noise,-0.005410614160346131,0.005989927983201937,0.009273059468803321,0.01920447743228253,0.01180702348653354,0.015974089833318654,0.008305607194738803,0.012659302758577151,-0.0012062552417479537,-0.005250726843542226,-0.003383530698460197,-0.0015694076918181653,0.008553571758944051,-0.01921026724159922,-0.00791627888327966,0.008230509561054615,0.010067533948006727,0.0070516772706900035,0.01864728765556294,-0.0017383930142955807,-0.015204828224280603,-0.0009816792553112132,0.008903879149624596,-0.008532721683141418,-0.002544924838312038,0.005349403335725553,-0.015922904892573274,0.0035515749606790303,-0.0244304488157451,-0.002125985187814447,0.017048428853490925,0.0029953541121621164,0.015846804223434742
PANEL,2X2 <-> 1X4,PANEL_2X2,PANEL_1X4,4,0.018516003802824775,0.005645444204446199,noise,-0.00013730271266165143,0.014054085667058906,-0.00829349831904683,-0.012858616425132516,-0.0031225637471747705,0.004253381506512483,0.018064190960995825,0.003404672649564426,0.012845643987687358,0.009718138556477959,-0.01664049897407936,-0.008554995685717912,-0.013875397892363564,0.00025868039704253655,0.00046648276065007336,0.0009541800461722813,0.01262976190256921,0.003352390664597105,-0.0007409595363683048,-0.01945939857994128,-0.006009758367067678,-0.0229764061192819,-0.011983834219045428,-0.0068851808330027174,0.006991157131564067,0.012716849503753081,-0.007110751041960311,-0.0066355872043825925,-0.02431130089776833,0.024601123306323403,-0.012348434685081176,-0.013892372778769087,0.009059231913425737
PANEL,2X2 <-> 2X4,PANEL_2X2,PANEL_2X4,-3,0.012948168418924202,0.009307347780042568,noise,-0.008953751244828561,0.009293217246675308,0.007387537134697734,-0.0050645104120317745,0.009401507384219389,0.009388419148248662,0.01613381424511877,0.00611894157350025,-0.016591749438153582,0.0023856969165342887,0.007382494078921187,-0.0011671485045608595,-0.0084472904014686,-0.012096765437189289,-0.007237103380584652,-0.014069142736702695,0.0013422363987290508,-0.012510664204695958,0.0031296578339128924,0.011734424939317228,-0.014783796038010681,-0.009367518946019353,0.0010927017747645025,0.006428424147691846,0.006538848812928601,-0.00023455402847493445,0.006129649719970179,-0.011485085259020686,-0.0027165862330051495,0.0021586756817163965,-0.019988963796421857,0.00620285483130351,0.00021281903293511058
PANEL,2X2 <-> 4X4,PANEL_2X2,PANEL_4X4,-1,0.011651540465979786,0.0012187044261924346,noise,0.021392683420602233,0.006694818517929535,-0.005305649743067222,-0.00029186420273176125,0.005323565438755458,-0.017985488685330387,0.010452785661031668,0.00387275508795315,0.008080077784571628,-0.006983526413358993,0.003106953282057371,-0.0005038952859993956,0.020066285438430895,-0.0131540498970034,-0.0017342860625050678,0.0007626730398370606,0.0002208912475696072,0.002672548991170636,-0.0028489019021459487,-0.0034547106530793,0.004974151437185627,0.006573785240729136,-0.00375357499501274,-0.00466616892078422,-0.01299772489166464,0.00515895615787319,0.0046315214931788445,-0.0029833123576390994,0.008664301245473866,0.0006884136555913784,-0.013614133901346335,0.0019538842376420713,-0.006088412281098426
PANEL,1X4 <-> 2X4,PANEL_1X4,PANEL_2X4,-2,0.011890842146962297,0.01055994229956495,noise,0.013981115617247245,-0.0019643712802470455,-0.008646448284925069,-0.0009621637569808851,-0.00950237759853199,-0.007979918102862525,-0.012966879517436481,0.007583938041100106,0.003902672844102045,-0.005499219348781114,-0.017171357446937693,-0.013001949645168086,0.002105249225570217,0.016659156939611043,-0.004905806416880217,0.005746717232494549,0.02132154496798265,0.004611564698217648,-0.0028717434304234464,-0.0039551522978960195,0.001053030310098726,-0.006784563845174148,0.012978840987010163,0.004832640092672004,0.011612845886924596,-0.0038859282574020574,-0.0051276400596671,0.0032476237811883495,-0.02729269136594422,-0.0017768403766693964,0.0018965874949672225,-0.012575170146972358,0.011590760051873587
PANEL,1X4 <-> 4X4,PANEL_1X4,PANEL_4X4,3,0.01941326103140815,0.004202886825472423,noise,-0.01325218186296593,-0.002751443993157304,-0.007363265042079552,0.0005111863506762783,0.007341906616096425,-0.006233177299616409,-0.0014114607895877689,0.0002503124787107319,-0.0031951011070098403,0.005372290502668155,0.010816025972253741,-0.0040010310086743515,0.008668750023769675,0.00833225347567416,0.006556529713181724,-0.005591126747909361,0.0011968336214950976,0.0058207001070128125,-0.0018088784366035889,-0.004362334139654798,-0.011999022030596124,-0.004876907733550893,-0.002674992789790981,0.00921847644270841,0.023840260487467707,-0.01461014051872766,-0.019789382088029092,0.0011907236442010045,0.005720343354211011,-0.013943657164404504,0.01601185716983348,-0.009092109035564157,0.0031795555093521092
PANEL,2X4 <-> 4X4,PANEL_2X4,PANEL_4X4,4,0.012749799123986015,0.005931458974214608,noise,0.011266652125036419,-0.00033601372525906024,-0.0063978583945954945,-0.012131182920735268,0.002614330629245328,-0.005379136701409501,-0.009872274808869543,-0.0032668108176068414,0.007230054093039004,0.008463438820611317,0.010066140731458052,-0.01786301090199426,-0.012312579730370856,-0.010695679608955816,-0.003969647078546568,0.010440185606880469,0.006333944537205429,0.0010202467785579254,-0.017110822137245,0.006164916005109077,0.005324040025179468,-0.008111420173431846,0.004246310268966394,-0.013865850490934178,-0.002786805575578177,0.00094876274336879,-0.0016454743498537734,-0.015052287727971564,-0.013412560808847002,-0.009784548835139477,0.009186844784705791,0.008249255040494747,0.019240591816329727
OXYGEN_SHAKE,MORNING_BREATH <-> EVENING_BREATH,OXYGEN_SHAKE_MORNING_BREATH,OXYGEN_SHAKE_EVENING_BREATH,5,0.018668788920016898,0.009631652907820384,noise,-0.004188010715907542,0.008186530675483054,-0.018560182141557736,-0.01811218803409944,-0.005078613372296948,0.015788800100287437,-0.010438939025342464,-0.004031416467892932,0.002024313693510253,-0.008078784651289873,-0.008055583759356295,0.0015030593033620015,-0.01827511066670217,-0.010214105151980776,-0.017192147537217973,0.0008275056179959981,0.014406198830001403,0.013661254275463752,0.018792633163706933,0.003619320550592739,0.01011756225007539,-0.010681953793389213,-0.017805936970228333,0.006226878446875612,0.002916175085115303,0.006128011726008677,-0.0035295217916711526,0.009649261553246654,0.0001765815275047031,-0.00795691592707592,-0.025439556446643682,-0.018832604884914745,-0.01173420542849227
OXYGEN_SHAKE,MORNING_BREATH <-> MINT,OXYGEN_SHAKE_MORNING_BREATH,OXYGEN_SHAKE_MINT,-1,0.013557372297521651,0.006664999850331824,noise,0.007397449333260206,0.013323435376632844,-0.00597518261663529,0.0006507488048226025,-0.006019608426466843,-0.0039029078726548947,0.0005822918558313027,-0.022170833122470857,0.002302867382331054,-0.005942456538299677,0.0024917202283991995,-0.010521996892922054,0.010745652259602162,-0.012924952815971374,-0.017001511816991416,0.004271648826070011,0.012143269863682795,0.003580080861242662,0.01005710959782337,-0.019389085467045538,-0.005720374135536178,0.018135805582360526,-0.004879895756485582,-0.006011800376248108,0.006860179845414907,-0.01452888783065226,0.013136306624724854,-0.003273589247852988,-0.01484469814564876,-0.0034449035485507027,-0.017836655111043622,0.015370834232205146,0.0015906149269912864
OXYGEN_SHAKE,MORNING_BREATH <-> CHOCOLATE,OXYGEN_SHAKE_MORNING_BREATH,OXYGEN_SHAKE_CHOCOLATE,-4,0.011497607385870925,0.004625868518538686,noise,-0.00024130482571978765,-0.002344483615637699,0.012054921379483,0.005192030377733246,-0.011825350484402515,0.017475441295477016,0.0010352601381336073,-0.0018228631957339695,-0.010491829358919107,0.006894673798797293,-0.008309597132637254,-0.010846215359293823,0.013907034582318383,-0.004780256779778024,-0.007201264937223394,0.001682332570849378,-0.003233257958487778,0.008962015026278901,-0.013101422958121616,0.015641496929698392,-0.005652812980954544,0.01197764756763638,-0.0012664194861843748,0.005893139333874413,-0.007134915356786099,-0.017494860042878726,-0.004932693691221111,-0.0031464684853431744,-0.010972664385198273,-0.015029026445072771,-0.0013546262439838356,0.018510282228417874,0.013412599950835463
OXYGEN_SHAKE,MORNING_BREATH <-> GARLIC,OXYGEN_SHAKE_MORNING_BREATH,OXYGEN_SHAKE_GARLIC,-5,0.014114099393353953,0.013352007217042156,noise,0.02670977767237434,0.01378963229866093,0.001842888209026589,-0.008808425514576819,-0.012298224592593238,-0.001614180908864504,0.004001298308431584,0.004015838744221679,-0.009477994920266077,0.003785097549297408,-0.025373241649143775,0.010266493010746133,-0.010835274743395452,0.003497329963049492,-0.009189119187669244,0.0023340020848521457,0.013790133106632877,0.02393188645964145,0.009714219688302253,0.018874792428190987,0.005431777860247958,0.015697963436321103,0.005084056661111785,0.009496190381753424,0.004117936318667947,-0.0163939337795741,-0.005872323498007615,-0.004394679509181785,0.0051444780120818295,0.002592957603876653,-0.007370975528408927,-0.006797633317697828,0.00209429644763779
OXYGEN_SHAKE,EVENING_BREATH <-> MINT,OXYGEN_SHAKE_EVENING_BREATH,OXYGEN_SHAKE_MINT,-4,0.013793018440785535,0.010902975384259522,noise,-0.00786282645935675,0.0007578440683763134,-0.0035348470532652553,-0.018122305495707803,-0.0022240007305512864,0.021032749096097515,-0.010635259008880477,0.009346383758982212,0.0025611168076034255,0.02168187956562884,0.0012391663524751026,-0.002215778797594829,-0.008995299111314248,-0.0020554910214822955,-0.007732802691575171,0.0024414247896617867,-0.007833885027426933,0.022433616335689847,-0.008902154455658872,-0.014149335348120509,-0.012180388179174334,0.009399358608256258,-0.0009134342099528705,0.01084991968899071,0.012052926385351005,-0.0024203037386104384,0.004927880870268299,0.007092969889645854,0.001213839163658661,0.0029904993402280256,-0.0016006197454571077,-0.014371973065149984,-0.0010932910447858171
OXYGEN_SHAKE,EVENING_BREATH <-> CHOCOLATE,OXYGEN_SHAKE_EVENING_BREATH,OXYGEN_SHAKE_CHOCOLATE,3,0.021576630492536875,0.008992298905748397,noise,0.008480838785178395,-0.0009068758632375306,0.0032907886688849897,0.0018423442415117708,-5.80041310717802e-05,0.016592886846749873,-0.005872491294883277,0.004222060081907698,-0.0012810426992133663,0.002379551880423538,-0.015537402961860569,0.00587720989786507,-0.005792809560907492,0.00519576518875471,-0.013012334337627532,0.009389718372725536,0.007397676212998388,0.010189502131521271,-0.0009417796421075736,0.010951369170797842,-0.01058132966198929,-0.032790458687862005,-0.01559786757031501,0.0071414470730741765,0.03367120981620629,-0.017896590472787036,-0.0131620911886173,0.008561271181646141,-0.0025629839850942644,0.00793762457720207,-0.027552393200878773,0.006941899623463325,-0.013264585076896243
OXYGEN_SHAKE,EVENING_BREATH <-> GARLIC,OXYGEN_SHAKE_EVENING_BREATH,OXYGEN_SHAKE_GARLIC,-1,0.01661622510080291,0.007185135637002034,noise,0.005313681033032108,-0.016754775463600383,0.00639584625517271,-0.007860405350180514,0.012666042590624906,-0.002544057070465948,0.0008577773533542471,0.002099809933049908,0.013072878839351534,0.002972409275696872,0.01909757053967578,-0.007454249615595823,-0.00032156375144830714,-0.026322626748324456,-0.023204484802635972,0.002705768997656975,0.005105461026019359,0.013744176887329767,-0.007719281292325657,0.0016881222062181808,-0.009420409481493275,0.010920777053823202,-0.008820987458451734,-0.013778030678687174,0.012195543847623395,-0.0035986245014714147,-0.008287621709464246,0.023758828454319588,0.003886623290054722,-0.0006351416538127769,-0.003491513935387417,-0.02484607206903103,-0.008356099750899052
OXYGEN_SHAKE,MINT <-> CHOCOLATE,OXYGEN_SHAKE_MINT,OXYGEN_SHAKE_CHOCOLATE,-3,0.016946944717498056,0.00704805923620502,noise,-0.004839807478190984,0.008775726863389621,-0.0011290659413024512,-0.004300980098057552,0.01468743035678094,0.010236496277288702,0.01277187123292663,-0.014566923284703498,-0.023502039634864042,-0.010220451898695766,0.014221240638963174,-0.004026654524068959,0.003433910279343186,-0.013731745495234319,-0.007131305243380841,0.011043396066042856,0.006809814045661565,0.003290967596910638,-0.003915309064584822,-0.0035902370061622075,-0.010258405647173582,0.00476932540608561,-0.004496474822472052,0.0070862350626063365,-0.006318838050819687,0.010573748400461783,0.009803208056649727,-0.0024125563316220733,0.021769932741764836,-0.004196434721395191,-0.00866525541847455,-0.0027706517433088926,0.008191937048895145
OXYGEN_SHAKE,MINT <-> GARLIC,OXYGEN_SHAKE_MINT,OXYGEN_SHAKE_GARLIC,2,0.012320542389691186,0.004784224782130941,noise,1.6872821486177087e-05,0.0053652427533246875,-0.02377259986867502,0.01212345544831862,-0.004906601832919413,-0.00397179617048576,0.006309534596287766,0.000817319396945857,-0.00988175104125421,0.005345589288502944,-0.004386147859247497,-0.00895841120046764,-0.007677484949421848,0.003516540388468041,0.005815296426954777,-0.0021713188020087673,0.007595605081830197,0.004585750462553858,0.010427440811665535,-0.0028860827003881167,0.005103916008572853,-0.013505306934603525,-0.009243884635348584,0.014212435599121451,-0.0030511918358013417,-0.017941663915972062,-0.0009862996391107493,-0.0004383667137343607,0.01615222686905579,-0.0021556865605249953,0.0035876944165746005,0.0005010260718627617,0.006293067252187551
OXYGEN_SHAKE,CHOCOLATE <-> GARLIC,OXYGEN_SHAKE_CHOCOLATE,OXYGEN_SHAKE_GARLIC,4,0.0132227627028881,0.0067363660746120844,noise,-0.008364109271629843,-0.009166354009671503,0.019197674635989218,-0.010226811537792911,-0.0007582659355642124,0.013810291091476419,-0.0008242633274792559,0.0021632159068882715,0.01804201883107901,0.01087802740417635,-0.0028103398804418087,-0.000504853218519738,-0.0018930942043646575,0.005551384930479182,0.011096039867158285,0.0058287952518554466,0.008175155233292899,0.006205147738687906,0.0035558624185159484,-0.009711631733424536,-0.0029094184548475108,-0.011766854174370664,-0.0019930083865567477,0.017305767136467778,0.0037049603630071185,-0.000933052219909144,-0.005202501539033512,0.0055453918015358344,0.011667614124472708,-0.02245528218265575,-0.008111935253185827,-0.0036574816553783065,-0.009523401068873547
SNACKPACK,CHOCOLATE <-> VANILLA,SNACKPACK_CHOCOLATE,SNACKPACK_VANILLA,0,0.9153456733265491,0.9153456733265491,lag-0 mirror,-0.0029693221899766108,-0.0015584588444548535,0.02047233536846685,-0.002838032605532065,-0.005171004156980062,0.006657609715102247,-0.008392600635209508,0.02005196966149464,-0.008504895382086845,0.0006203402102627663,-0.011544043576635406,0.012400184448583703,-0.0026740844632461244,0.0038359258342923574,0.0025139268226293276,-0.9195175602100879,-0.9148884493413588,-0.9116310104282009,-0.0033126664287490785,0.0026109444402841724,-0.003424156872908905,3.0369079050099843e-06,-0.004545378885861248,0.012254929621703546,-0.0034418496073765083,0.02378236778669543,-0.008562393696280922,-0.002925739408275224,-0.008547966195663644,0.0028518160930488074,0.0005043985862594793,-0.013831270135474142,0.016035722706029574
SNACKPACK,CHOCOLATE <-> PISTACHIO,SNACKPACK_CHOCOLATE,SNACKPACK_PISTACHIO,0,0.024828439902148933,0.024828439902148933,lag-0 mirror,0.018418826204756378,0.014270182061625933,0.006529249304241065,-0.005013318953561717,-0.011909478115222078,-0.0007272534918569398,0.0163083824167428,-0.011040117824396258,0.012593032686188735,-0.02167608336693073,0.004837396784100712,0.013547414606455194,-0.0016569365399447817,-0.021859505841852787,-0.013102868678777913,0.037232128371012696,0.028086106573641113,0.00916708476179299,-0.01795370247197193,-0.003412446959099978,-0.0075560261655734815,-0.004427650299551909,-0.005536229716903166,-0.003232858232631659,-0.005968321972149743,-0.006254132769470216,0.005595664043407355,-0.004219925188492812,0.007719440413390955,-0.0033384780863239052,0.003124769746076921,-0.013783144767676276,0.003390386526992879
SNACKPACK,CHOCOLATE <-> STRAWBERRY,SNACKPACK_CHOCOLATE,SNACKPACK_STRAWBERRY,0,0.01672668820777641,0.01672668820777641,lag-0 mirror,0.020476904411032733,0.014280902351019541,0.008818430685567015,-0.003462603129054353,-0.01687156382284002,-0.0024342003754637964,0.015142092244702855,-0.01153639989002844,0.015999436168222296,-0.016921683398537776,0.0037624260931896397,0.010449927114490633,-0.003917367496877365,-0.009756328641269492,-0.004173347486717408,0.03356255605446984,0.015474128093550293,0.0011433804753090988,-0.01929147681995076,0.004561377958676466,-0.011680289683645572,-0.0024617309148847483,0.0014135976865197806,-0.009801202622083612,-0.0017761691613513678,-0.008810778649970617,0.00597998371332398,0.001099178380563176,0.004084622532649339,-0.004603134805086216,0.004505235122669073,-0.00941730741810604,0.009157667182366835
SNACKPACK,CHOCOLATE <-> RASPBERRY,SNACKPACK_CHOCOLATE,SNACKPACK_RASPBERRY,0,0.030668117785647236,0.030668117785647236,lag-0 mirror,-0.016068910716449527,-0.013259690885632495,-0.009471007629080737,0.00453581169206071,0.01707529356289326,0.001953212852344293,-0.01976145240772092,0.01163220689274599,-0.018339793322615667,0.01845450609390673,-0.006061573194015479,-0.008502220201349475,-0.01944936989803845,-0.016607772795446642,-0.015562927874357584,0.011222308391655974,0.032703539340006534,0.048078505625279204,-0.0006544037844546802,-0.025236626123322625,-0.015548711506283263,0.008262928105142777,0.003036875523671415,0.011516087060836845,-0.0029136751263946496,0.009854690762777627,-0.010123436907209639,-0.001806121071920197,0.0006925597712716947,-0.00024081116485582477,-0.004597642582923289,0.008933116610591294,-0.005370419334360481
SNACKPACK,VANILLA <-> PISTACHIO,SNACKPACK_VANILLA,SNACKPACK_PISTACHIO,0,0.040058731899032876,0.040058731899032876,lag-0 mirror,-0.018427515071209665,-0.015092944474071723,0.0033058936437695063,0.008770102042022063,0.014314642473820019,-0.005778773637550584,-0.01643630811794238,0.0038687100274483414,-0.008125004737838875,0.02048680146516122,-0.005083486368876134,-0.014393757872305776,-0.03565053011836073,-0.006881688736899711,-0.02037813866316539,0.026426496520756074,0.03719079019842869,0.056558908977913866,-0.01026193140425797,-0.02492217041041561,-0.02066727908776484,0.004150982657276335,0.0008063151500392464,0.0003889530117765898,0.00678468707986959,0.004309917535778344,-0.005699254695012096,0.003623516361455863,-0.007038944015783939,0.0020791755664087874,-0.0028656482194723207,0.016341501653926525,-0.0010094537745085597
SNACKPACK,VANILLA <-> STRAWBERRY,SNACKPACK_VANILLA,SNACKPACK_STRAWBERRY,0,0.03132488238986431,0.03132488238986431,lag-0 mirror,-0.019680852092531554,-0.012889543845557124,-0.0006821062758256887,0.005579241505018834,0.01784407860115396,-0.004369205717293884,-0.014713079140140332,0.006432977066349748,-0.01205639866572985,0.017053608727269565,-0.0006928356327657864,-0.012441036123518295,-0.023071399191351087,-0.01151794120520596,-0.021793989999876008,0.013158147844727843,0.030652894544606974,0.050163604780258136,-0.0004426898924039238,-0.02636477184078279,-0.008867560808664875,0.002597142314605985,-0.0034144424939000296,0.0039028792602832855,0.001646673945644255,0.005263340177242675,-0.003094034745169221,0.0010658116291512216,-0.005721321146910225,0.0008623022734612498,-0.006882837259902283,0.012062033706891158,-0.0029335006312606726
SNACKPACK,VANILLA <-> RASPBERRY,SNACKPACK_VANILLA,SNACKPACK_RASPBERRY,0,0.014365144233326117,0.014365144233326117,lag-0 mirror,0.015510212029259684,0.012303229549017915,0.003476035713220433,-0.006175359633848906,-0.01722118344854414,0.006669964584917383,0.018716704910126787,-0.007511579212296853,0.012158625735205987,-0.017997620944447217,0.0036868696874186617,0.011278157762680388,0.004802306226105523,-0.009673855362291124,-0.011833101369974895,0.02530176980185117,0.01501561239570526,0.0027780505024219224,-0.021142617129089596,0.00027490976089014234,-0.014162070989199667,-0.007395804862008426,4.1002969365713857e-05,-0.0041302920230540515,0.0023541081401504075,-0.007511097662183972,0.004598764787606833,0.0019411177253530413,0.0024487916092405253,0.005883554878577841,0.003903775151096088,-0.010024711523156952,0.0007597509714099975
SNACKPACK,PISTACHIO <-> STRAWBERRY,SNACKPACK_PISTACHIO,SNACKPACK_STRAWBERRY,0,0.913146929708221,0.913146929708221,lag-0 mirror,0.0028236579986631125,0.005604369671651906,0.007683141027797143,0.004519995814074499,-0.000969388646102727,-0.009984518388732785,-0.00011476598874693712,0.007630965010001433,0.009008259073661776,0.006936245812920615,0.022989811978434912,0.003532279465813452,-0.016577168749986205,-0.013206991304936215,-0.018111847441204174,0.9122649308951093,0.9132377378460605,0.9139381203834933,-0.024633275232646173,-0.02216627350056266,-0.00934786411901935,0.001298924209159093,0.009580735220455688,-0.00411387001511836,0.00781797988216201,0.002221620886667509,0.004973816037218066,0.01178243666292402,-0.0033684180331309053,-0.017147538872961585,0.0003633370484407586,0.010130607989412283,0.004983945134176222
SNACKPACK,PISTACHIO <-> RASPBERRY,SNACKPACK_PISTACHIO,SNACKPACK_RASPBERRY,0,0.830675087036289,0.830675087036289,lag-0 mirror,-0.0032463823440868874,-0.005306726915646802,-0.010719385533573201,-0.0014152948440931024,-0.0025576450305209815,0.008654957709787796,0.0044065456096218265,-0.006844026568606544,-0.006089097245659189,-0.013474611796090882,-0.025783104957515245,-0.010549645724625668,-0.0034852302156599454,-0.01375384009589993,-0.0011299887204594692,-0.8335591146704059,-0.8297862997309384,-0.8286798467075226,-0.004019499202155663,-0.0032558782055968167,-0.0155029720623507,0.000423617262962604,-0.007867006055776797,0.003325961625176876,-0.0035516957650483677,-0.009655815743898658,-0.0012040166170678886,-0.008347928571893195,0.007165027110616099,0.017516086738412234,0.002325479602281786,-0.013154706201706463,0.00047800991980015894
SNACKPACK,STRAWBERRY <-> RASPBERRY,SNACKPACK_STRAWBERRY,SNACKPACK_RASPBERRY,0,0.9233440999646628,0.9233440999646628,lag-0 mirror,-0.0025733635465323263,-0.002470200294971513,-0.007427557591593886,-0.004155566674635058,-0.004024213033461014,0.015396710319504302,0.00036790697309084584,-0.0032801150823667407,0.0025554729380858517,-0.00977636406503011,-0.01681044598089534,-0.00885836420121193,-0.003988405841575856,-0.003903782766309848,-0.00018273860627455627,-0.9316060028661758,-0.9211244607501244,-0.917301836277688,-0.012907067159727831,-0.0010058212689931533,-0.007219826255222823,-0.004513273406062807,-0.014416298245730883,0.0012355232361020501,-2.000970799207616e-05,-0.00580569831655874,0.0026975954038766592,-0.007785274498097233,0.000724602451403957,0.019839195509308124,0.00326595960384341,-0.006277840338990273,-0.002945172282381351
